Player id,Player,Position,Number,D.O.B,Age,Height (cm),Caps,International goals,Plays in home country?,Day,Month,Year
336722,Alan PULIDO,Forward,11,08.03.1991,23,176,5,4,TRUE,8,3,1991
368902,Adam TAGGART,Forward,9,02.06.1993,21,172,4,3,TRUE,2,6,1993
362641,Reza GHOOCHANNEJAD,Forward,16,20.09.1987,26,181,13,9,FALSE,20,9,1987
314197,NEYMAR,Forward,10,05.02.1992,22,175,48,31,FALSE,5,2,1992
212306,Didier DROGBA,Forward,11,11.03.1978,36,180,100,61,FALSE,11,3,1978
229884,David VILLA,Forward,7,03.12.1981,32,175,95,56,TRUE,3,12,1981
305372,Abel HERNANDEZ,Forward,8,08.08.1990,23,186,12,7,FALSE,8,8,1990
228599,Javier HERNANDEZ,Forward,14,01.06.1988,26,175,61,35,FALSE,1,6,1988
300409,Edin DZEKO,Forward,11,17.03.1986,28,192,62,35,FALSE,17,3,1986
184615,Klaas Jan HUNTELAAR,Forward,19,12.08.1983,30,187,61,34,FALSE,12,8,1983
271550,Gonzalo HIGUAIN,Forward,9,10.12.1987,26,184,36,20,FALSE,10,12,1987
227851,Oribe PERALTA,Forward,19,12.01.1984,30,177,27,15,TRUE,12,1,1984
354859,Islam SLIMANI,Forward,13,18.06.1988,26,188,19,10,FALSE,18,6,1988
182206,Miroslav KLOSE,Forward,11,09.06.1978,36,182,131,68,FALSE,9,6,1978
217315,Robin VAN PERSIE,Forward,9,06.08.1983,30,186,84,43,FALSE,6,8,1983
286278,Shinji OKAZAKI,Forward,9,16.04.1986,28,174,75,38,FALSE,16,4,1986
270775,Luis SUAREZ,Forward,9,24.01.1987,27,181,77,39,FALSE,24,1,1987
233952,FRED,Forward,9,03.10.1983,30,186,32,16,TRUE,3,10,1983
312316,Eric CHOUPO MOTING,Forward,13,23.03.1989,25,190,26,13,FALSE,23,3,1989
356411,Fabian SCHAER,Defender,22,20.12.1991,22,186,6,3,TRUE,20,12,1991
338673,Uche NWOFOR,Forward,19,17.09.1991,22,177,6,3,FALSE,17,9,1991
373224,Rickie LAMBERT,Forward,18,16.02.1982,32,188,4,2,TRUE,16,2,1982
379894,Miiko ALBORNOZ,Defender,3,30.11.1990,23,180,2,1,FALSE,30,11,1990
208353,Asamoah GYAN,Forward,3,22.11.1985,28,186,77,38,FALSE,22,11,1985
296994,El Arabi SOUDANI,Forward,15,25.11.1987,26,177,21,10,FALSE,25,11,1987
339508,Chris WONDOLOWSKI,Forward,18,28.01.1983,31,182,19,9,TRUE,28,1,1983
213001,Tim CAHILL,Forward,4,06.12.1979,34,180,68,32,FALSE,6,12,1979
214384,EDUARDO_1,Forward,22,25.02.1983,31,177,62,29,FALSE,25,2,1983
170667,Samuel ETOO,Forward,9,10.03.1981,33,181,117,54,FALSE,10,3,1981
271414,Carlo COSTLY,Forward,13,18.07.1982,31,190,68,31,TRUE,18,7,1982
275096,Yoichiro KAKITANI,Forward,11,03.01.1990,24,177,11,5,TRUE,3,1,1990
270301,Eduardo VARGAS,Forward,11,20.11.1989,24,175,29,13,FALSE,20,11,1989
201200,CRISTIANO RONALDO,Forward,7,05.02.1985,29,185,110,49,FALSE,5,2,1985
323623,Jerry BENGTSON,Forward,11,08.04.1987,27,187,43,19,FALSE,8,4,1987
229397,Lionel MESSI,Forward,10,24.06.1987,26,169,84,37,FALSE,24,6,1987
235097,Mubarak WAKASO,Midfielder,22,25.07.1990,23,171,16,7,FALSE,25,7,1990
356399,Josip DRMIC,Forward,19,08.08.1992,21,182,7,3,FALSE,8,8,1992
196842,Wayne ROONEY,Forward,10,24.10.1985,28,176,90,38,TRUE,24,10,1985
228528,Sergio AGUERO,Forward,20,02.06.1988,26,172,50,21,FALSE,2,6,1988
309716,Teofilo GUTIERREZ,Forward,9,17.05.1985,29,180,29,12,FALSE,17,5,1985
301059,Mario BALOTELLI,Forward,9,12.08.1990,23,189,29,12,TRUE,12,8,1990
364763,Emmanuel EMENIKE,Forward,9,10.05.1987,27,182,22,9,FALSE,10,5,1987
196789,Lukas PODOLSKI,Forward,10,04.06.1985,29,180,113,46,FALSE,4,6,1985
187203,HELDER POSTIGA,Forward,23,02.08.1982,31,182,67,27,FALSE,2,8,1982
367261,Nabil GHILAS,Forward,9,20.04.1990,24,183,5,2,FALSE,20,4,1990
207761,PARK Chuyoung,Forward,10,10.07.1985,28,183,62,24,FALSE,10,7,1985
306548,Andre SCHUERRLE,Forward,9,06.11.1990,23,184,32,12,FALSE,6,11,1990
275136,Yuya OSAKO,Forward,18,18.05.1990,24,182,8,3,FALSE,18,5,1990
300411,Vedad IBISEVIC,Forward,9,06.08.1984,29,189,55,20,FALSE,6,8,1984
233500,Keisuke HONDA,Forward,4,13.06.1986,28,182,55,20,FALSE,13,6,1986
274034,Danny WELBECK,Forward,11,26.11.1990,23,184,22,8,TRUE,26,11,1990
306532,Daniel STURRIDGE,Forward,9,01.09.1989,24,179,11,4,TRUE,1,9,1989
319470,Mario GAVRANOVIC,Forward,17,24.11.1989,24,175,11,4,TRUE,24,11,1989
318601,Pedro RODRIGUEZ,Forward,11,28.07.1987,26,169,39,14,TRUE,28,7,1987
319311,Marco FABIAN,Midfielder,8,21.07.1989,24,171,14,5,TRUE,21,7,1989
321722,Thomas MUELLER,Forward,13,13.09.1989,24,186,48,17,TRUE,13,9,1989
214135,Pierre WEBO,Forward,15,20.01.1982,32,180,54,19,FALSE,20,1,1982
352394,Marco REUS,Forward,21,31.05.1989,25,180,20,7,TRUE,31,5,1989
207851,Clint DEMPSEY,Forward,8,09.03.1983,31,185,103,36,TRUE,9,3,1983
353118,Wilfried BONY,Forward,12,10.12.1988,25,182,23,8,FALSE,10,12,1988
230517,Theofanis GEKAS,Forward,17,23.05.1980,34,179,71,24,FALSE,23,5,1980
183864,Fernando TORRES,Forward,9,20.03.1984,30,186,107,36,FALSE,20,3,1984
216970,Salomon KALOU,Forward,8,05.08.1985,28,175,66,22,FALSE,5,8,1985
228627,Alexis SANCHEZ,Forward,7,19.12.1988,25,169,66,22,FALSE,19,12,1988
291393,KOO Jacheol,Forward,13,27.02.1989,25,182,36,12,FALSE,27,2,1989
298681,Jeremain LENS,Forward,17,24.11.1987,26,178,21,7,FALSE,24,11,1987
229506,Cristhian STUANI,Forward,11,12.10.1986,27,186,9,3,FALSE,12,10,1986
373400,Enner VALENCIA,Forward,13,04.11.1989,24,179,9,3,FALSE,4,11,1989
186455,Shola AMEOBI,Forward,23,12.10.1981,32,188,6,2,FALSE,12,10,1981
218306,WILLIAN,Midfielder,19,09.08.1988,25,176,6,2,FALSE,9,8,1988
358891,Oleg SHATOV,Midfielder,17,29.07.1990,23,176,6,2,TRUE,29,7,1990
306900,Okechukwu UCHEBO,Forward,20,03.02.1990,24,194,3,1,FALSE,3,2,1990
336435,Antoine GRIEZMANN,Forward,11,21.03.1991,23,175,3,1,FALSE,21,3,1991
189259,Diego FORLAN,Forward,10,19.05.1979,35,181,109,36,FALSE,19,5,1979
267834,Edinson CAVANI,Forward,21,14.02.1987,27,188,61,20,FALSE,14,2,1987
268596,Shinji KAGAWA,Forward,10,17.03.1989,25,172,56,18,FALSE,17,3,1989
214410,HUGO ALMEIDA,Forward,9,23.05.1984,30,193,54,17,FALSE,23,5,1984
305036,Mesut OEZIL,Midfielder,8,15.10.1988,25,180,54,17,FALSE,15,10,1988
186808,Aleksandr KERZHAKOV,Forward,11,27.11.1982,31,175,80,25,TRUE,27,11,1982
217172,JO,Forward,21,20.03.1987,27,191,16,5,TRUE,20,3,1987
358112,Romelu LUKAKU,Forward,9,13.05.1993,21,190,29,9,FALSE,13,5,1993
216071,Zvjezdan MISIMOVIC,Midfielder,10,05.06.1982,32,180,81,25,FALSE,5,6,1982
196812,Ashkan DEJAGAH,Forward,21,05.07.1986,27,182,13,4,FALSE,5,7,1986
228715,Felipe CAICEDO,Forward,11,05.09.1988,25,183,49,15,FALSE,5,9,1988
270144,Marcos URENA,Forward,21,05.03.1990,24,179,23,7,FALSE,5,3,1990
349572,Jaimen AYOVI,Forward,17,21.02.1988,26,186,30,9,FALSE,21,2,1988
312868,OSCAR,Midfielder,11,09.09.1991,22,181,30,9,FALSE,9,9,1991
349512,Carlos BACCA,Forward,17,08.09.1986,27,181,10,3,FALSE,8,9,1986
366573,Saphir TAIDER,Midfielder,19,29.02.1992,22,179,10,3,FALSE,29,2,1992
184616,Arjen ROBBEN,Forward,11,23.01.1984,30,180,74,22,FALSE,23,1,1984
313832,Jackson MARTINEZ,Forward,21,03.10.1986,27,186,27,8,FALSE,3,10,1986
330689,JI Dongwon,Midfielder,19,28.05.1991,23,186,27,8,FALSE,28,5,1991
238072,Jozy ALTIDORE,Forward,17,06.11.1989,24,185,68,20,FALSE,6,11,1989
313874,Esteban PAREDES,Forward,22,01.08.1980,33,179,34,10,TRUE,1,8,1980
297383,Roman SHIROKOV,Midfielder,15,06.07.1981,32,183,41,12,TRUE,6,7,1981
297103,Karim BENZEMA,Forward,10,19.12.1987,26,185,65,19,FALSE,19,12,1987
297839,Konan YA,Midfielder,13,22.05.1984,30,174,24,7,FALSE,22,5,1984
268149,LEE Keunho,Forward,11,11.04.1985,29,177,63,18,TRUE,11,4,1985
274090,Victor MOSES,Forward,11,12.12.1990,23,177,21,6,FALSE,12,12,1990
184291,Maxi RODRIGUEZ,Midfielder,11,02.01.1981,33,180,53,15,TRUE,2,1,1981
185385,Frank LAMPARD,Midfielder,8,20.06.1978,36,181,103,29,TRUE,20,6,1978
307529,Joel CAMPBELL,Forward,9,26.06.1992,21,178,32,9,FALSE,26,6,1992
177927,Antonio CASSANO,Forward,10,12.07.1982,31,175,36,10,TRUE,12,7,1982
319358,Sofiane FEGHOULI,Forward,10,26.12.1989,24,177,18,5,FALSE,26,12,1989
267811,Juan MATA,Forward,13,28.04.1988,26,171,33,9,FALSE,28,4,1988
321653,Xherdan SHAQIRI,Midfielder,23,10.10.1991,22,169,33,9,FALSE,10,10,1991
185641,Javad NEKOUNAM,Midfielder,6,07.09.1980,33,188,137,37,FALSE,7,9,1980
215002,Wesley SNEIJDER,Midfielder,10,09.06.1984,30,171,98,26,FALSE,9,6,1984
375518,Mario MANDZUKIC,Forward,17,21.05.1986,28,188,49,13,FALSE,21,5,1986
318172,HULK,Forward,7,25.07.1986,27,179,34,9,FALSE,25,7,1986
183000,Sulley MUNTARI,Midfielder,11,27.08.1984,29,179,80,21,FALSE,27,8,1984
318768,Konstantinos MITROGLOU,Forward,9,12.03.1988,26,188,31,8,FALSE,12,3,1988
200176,David SILVA,Midfielder,21,08.01.1986,28,170,79,20,FALSE,8,1,1986
290186,GERVINHO,Forward,10,27.05.1987,27,179,52,13,FALSE,27,5,1987
302539,Alan DZAGOEV,Midfielder,10,17.06.1990,24,178,32,8,TRUE,17,6,1990
309316,Mario GOETZE,Forward,19,03.06.1992,22,176,28,7,TRUE,3,6,1992
307849,SON Heungmin,Midfielder,9,08.07.1992,21,183,24,6,FALSE,8,7,1992
367393,Majeed WARIS,Forward,18,19.09.1991,22,172,12,3,FALSE,19,9,1991
375459,Fidel MARTINEZ,Midfielder,20,15.02.1990,24,176,8,2,FALSE,15,2,1990
367347,Aron JOHANNSSON,Forward,9,10.11.1990,23,182,8,2,FALSE,10,11,1990
356403,Izet HAJROVIC,Midfielder,20,04.08.1991,22,177,8,2,FALSE,4,8,1991
275112,Manabu SAITO,Forward,20,04.04.1990,24,169,4,1,TRUE,4,4,1990
319438,Georginio WIJNALDUM,Midfielder,20,11.11.1990,23,175,4,1,TRUE,11,11,1990
359235,Lorenzo INSIGNE,Forward,22,04.06.1991,23,163,4,1,TRUE,4,6,1991
379972,Acquah AFRIYIE,Midfielder,6,01.05.1992,22,162,4,1,FALSE,1,5,1992
369058,Ante REBIC,Forward,16,21.09.1993,20,185,4,1,FALSE,21,9,1993
217313,Dirk KUYT,Forward,15,22.07.1980,33,184,98,24,FALSE,22,7,1980
358015,Olivier GIROUD,Forward,9,30.09.1986,27,192,29,7,FALSE,30,9,1986
358048,Alexander KOKORIN,Forward,9,19.03.1991,23,182,21,5,TRUE,19,3,1991
196752,Bastian SCHWEINSTEIGER,Midfielder,7,01.08.1984,29,183,101,23,TRUE,1,8,1984
358120,Kevin DE BRUYNE,Midfielder,7,28.06.1991,22,181,22,5,FALSE,28,6,1991
330659,Karim ANSARI FARD,Forward,10,03.04.1990,24,185,40,9,TRUE,3,4,1990
300235,Victor FAYZULIN,Midfielder,20,22.04.1986,28,176,18,4,TRUE,22,4,1986
213953,Jerry PALACIOS,Midfielder,9,13.05.1982,32,181,23,5,FALSE,13,5,1982
356198,Alex OXLADE CHAMBERLAIN,Midfielder,15,15.08.1993,20,180,14,3,TRUE,15,8,1993
236530,Celso BORGES,Midfielder,5,27.05.1988,26,184,61,13,FALSE,27,5,1988
214876,Bryan RUIZ,Forward,10,18.08.1985,28,187,62,13,FALSE,18,8,1985
299878,Loic REMY,Forward,20,02.01.1987,27,185,24,5,FALSE,2,1,1987
234551,Giovani DOS SANTOS,Forward,10,11.05.1989,25,179,73,15,FALSE,11,5,1989
237058,Randall BRENES,Forward,14,13.08.1983,30,170,39,8,TRUE,13,8,1983
290452,Jefferson MONTERO,Midfielder,7,01.09.1989,24,170,39,8,FALSE,1,9,1989
290903,Kevin MIRALLAS,Forward,11,05.10.1987,26,179,44,9,FALSE,5,10,1987
266800,Angel DI MARIA,Midfielder,7,14.02.1988,26,178,45,9,FALSE,14,2,1988
362727,PAULINHO,Midfielder,8,25.07.1988,25,181,25,5,FALSE,25,7,1988
306954,Jordi ALBA,Defender,18,21.03.1989,25,170,25,5,TRUE,21,3,1989
367388,Paul POGBA,Midfielder,19,15.03.1993,21,192,10,2,FALSE,15,3,1993
359217,Marco VERRATTI,Midfielder,23,05.11.1992,21,168,5,1,FALSE,5,11,1992
379886,Alireza JAHAN BAKHSH,Forward,9,11.08.1993,20,181,5,1,FALSE,11,8,1993
187258,Ivica OLIC,Forward,18,14.09.1979,34,183,91,18,FALSE,14,9,1979
248373,Franck RIBERY,Forward,7,07.04.1983,31,175,81,16,FALSE,7,4,1983
198106,Yaya TOURE,Midfielder,19,13.05.1983,31,189,82,16,FALSE,13,5,1983
254167,NANI,Forward,17,17.11.1986,27,175,73,14,FALSE,17,11,1986
214961,Steven GERRARD,Midfielder,4,30.05.1980,34,185,110,21,TRUE,30,5,1980
269058,James RODRIGUEZ,Midfielder,10,12.07.1991,22,180,21,4,FALSE,12,7,1991
210704,Darijo SRNA,Defender,11,01.05.1982,32,182,111,21,FALSE,1,5,1982
216435,Alexander SAMEDOV,Forward,19,19.07.1984,29,178,16,3,TRUE,19,7,1984
254166,VARELA,Forward,18,02.02.1985,29,180,22,4,TRUE,2,2,1985
355997,Christian ATSU,Midfielder,7,10.01.1992,22,165,22,4,FALSE,10,1,1992
178299,Mark BRESCIANO,Midfielder,23,11.02.1980,34,182,73,13,FALSE,11,2,1980
297705,Santi CAZORLA,Midfielder,20,13.12.1984,29,169,63,11,FALSE,13,12,1984
356731,Raul JIMENEZ,Forward,9,05.05.1991,23,186,23,4,TRUE,5,5,1991
215513,Dimitrios SALPINGIDIS,Forward,14,18.08.1981,32,171,75,13,TRUE,18,8,1981
214228,Peter ODEMWINGIE,Forward,8,15.07.1981,32,181,60,10,FALSE,15,7,1981
299198,Miralem PJANIC,Midfielder,8,02.04.1990,24,180,48,8,FALSE,2,4,1990
358024,Ioannis FETFATZIDIS,Forward,18,21.12.1990,23,164,18,3,FALSE,21,12,1990
367913,DANTE,Defender,13,18.10.1983,30,189,12,2,FALSE,18,10,1983
196897,Kevin Prince BOATENG,Forward,9,06.03.1987,27,182,12,2,FALSE,6,3,1987
371044,Miguel LAYUN,Defender,7,25.06.1988,25,178,12,2,TRUE,25,6,1988
353235,Jordan AYEW,Forward,13,11.09.1991,22,160,12,2,FALSE,11,9,1991
208016,FERNANDINHO,Midfielder,5,04.05.1985,29,179,6,1,FALSE,4,5,1985
316997,Enzo PEREZ,Midfielder,8,22.02.1986,28,177,6,1,FALSE,22,2,1986
356407,Michael LANG,Defender,6,08.02.1991,23,185,6,1,TRUE,8,2,1991
178842,Edison MENDEZ,Midfielder,8,16.03.1979,35,175,110,18,FALSE,16,3,1979
290902,Marouane FELLAINI,Midfielder,8,22.11.1987,26,194,50,8,FALSE,22,11,1987
201787,Mauricio PINILLA,Forward,9,04.02.1984,30,185,25,4,FALSE,4,2,1984
209119,Daniele DE ROSSI,Midfielder,16,24.07.1983,30,182,94,15,TRUE,24,7,1983
175524,Michael ESSIEN,Midfielder,5,03.12.1982,31,180,57,9,FALSE,3,12,1982
312672,Mix DISKERUD,Midfielder,10,02.10.1990,23,182,19,3,FALSE,2,10,1990
316117,Nikica JELAVIC,Forward,9,27.08.1985,28,187,32,5,FALSE,27,8,1985
311558,Granit XHAKA,Midfielder,10,27.09.1992,21,183,26,4,FALSE,27,9,1992
217117,Carlos VALDES,Defender,23,22.05.1985,29,189,13,2,FALSE,22,5,1985
297106,Mathieu VALBUENA,Midfielder,8,28.09.1984,29,167,33,5,TRUE,28,9,1984
267543,Arturo VIDAL,Midfielder,8,22.05.1987,27,178,53,8,FALSE,22,5,1987
358108,Nacer CHADLI,Midfielder,22,02.08.1989,24,187,20,3,FALSE,2,8,1989
274946,Emmanuel AGYEMANG BADU,Midfielder,8,02.12.1990,23,173,47,7,FALSE,2,12,1990
175498,DaMarcus BEASLEY,Defender,7,24.05.1982,32,170,115,17,FALSE,24,5,1982
200179,Cesc FABREGAS,Midfielder,10,04.05.1987,27,175,88,13,TRUE,4,5,1987
296633,Ivan RAKITIC,Midfielder,7,10.03.1988,26,184,61,9,FALSE,10,3,1988
212410,KWAK Taehwi,Defender,4,08.07.1981,32,185,34,5,FALSE,8,7,1981
215623,Alberto AQUILANI,Midfielder,14,07.07.1984,29,184,34,5,TRUE,7,7,1984
233531,Michael BRADLEY,Midfielder,4,31.07.1987,26,185,84,12,FALSE,31,7,1987
233167,Haris MEDUNJANIN,Midfielder,18,08.03.1985,29,188,35,5,FALSE,8,3,1985
207906,JUANFRAN,Defender,5,09.01.1985,29,180,7,1,TRUE,9,1,1985
298892,Augusto FERNANDEZ,Midfielder,13,10.04.1986,28,177,7,1,FALSE,10,4,1986
354875,Abdelmoumene DJABOU,Forward,18,31.01.1987,27,168,7,1,FALSE,31,1,1987
372989,Ermin BICAKCIC,Defender,3,24.01.1990,24,185,7,1,FALSE,24,1,1990
321697,Mathew LECKIE,Forward,7,04.02.1991,23,181,7,1,FALSE,4,2,1991
367396,Fabrice OLINGA,Forward,19,12.05.1996,18,177,7,1,FALSE,12,5,1996
251352,Andres GUARDADO,Defender,18,28.09.1986,27,167,101,14,FALSE,28,9,1986
229392,Ezequiel LAVEZZI,Forward,22,03.05.1985,29,173,29,4,FALSE,3,5,1985
207528,Xabi ALONSO,Midfielder,14,25.11.1981,32,183,109,15,TRUE,25,11,1981
210214,RAUL MEIRELES,Midfielder,16,17.03.1983,31,179,73,10,FALSE,17,3,1983
360728,Graham ZUSI,Midfielder,19,18.08.1986,27,177,22,3,TRUE,18,8,1986
209979,Tranquillo BARNETTA,Midfielder,7,22.05.1985,29,178,74,10,FALSE,22,5,1985
344714,Ahmed MUSA,Forward,7,14.10.1992,21,176,37,5,FALSE,14,10,1992
273996,Eden HAZARD,Midfielder,10,07.01.1991,23,172,45,6,FALSE,7,1,1991
218284,MARCELO,Defender,6,12.05.1988,26,174,30,4,FALSE,12,5,1988
358736,Bruno MARTINS INDI,Defender,4,08.02.1992,22,186,15,2,TRUE,8,2,1992
305764,Gary CAHILL,Defender,5,19.12.1985,28,191,23,3,TRUE,19,12,1985
210213,BRUNO ALVES,Defender,2,27.11.1981,32,187,71,9,FALSE,27,11,1981
375523,Daniel VAN BUYTEN,Defender,15,07.02.1978,36,196,79,10,FALSE,7,2,1978
178119,Rafael MARQUEZ,Defender,4,13.02.1979,35,184,119,15,TRUE,13,2,1979
183857,Andres INIESTA,Midfielder,6,11.05.1984,30,170,96,12,TRUE,11,5,1984
297331,Valentin STOCKER,Midfielder,14,12.04.1989,25,179,24,3,TRUE,12,4,1989
349592,Eugenio MENA,Defender,2,18.07.1988,25,174,24,3,FALSE,18,7,1988
296118,Benjamin MOUKANDJO,Forward,8,12.11.1988,25,178,16,2,FALSE,12,11,1988
349517,Victor IBARBO,Forward,14,19.05.1990,24,188,8,1,FALSE,19,5,1990
177876,Andrea PIRLO,Midfielder,21,19.05.1979,35,177,108,13,TRUE,19,5,1979
353119,Max GRADEL,Midfielder,15,30.11.1987,26,177,25,3,FALSE,30,11,1987
275162,Toni KROOS,Midfielder,18,04.01.1990,24,182,43,5,TRUE,4,1,1990
358049,Denis GLUSHAKOV,Midfielder,8,27.01.1987,27,182,26,3,TRUE,27,1,1987
305378,Nicolas LODEIRO,Midfielder,14,21.03.1989,25,173,26,3,FALSE,21,3,1989
202544,Antonio VALENCIA,Midfielder,16,04.08.1985,28,180,70,8,FALSE,4,8,1985
184545,Segundo CASTILLO,Midfielder,14,15.05.1982,32,180,81,9,FALSE,15,5,1982
216567,Cristian RODRIGUEZ,Midfielder,7,30.09.1985,28,178,72,8,FALSE,30,9,1985
268414,LEE Chungyong,Midfielder,17,02.07.1988,25,180,54,6,FALSE,2,7,1988
289195,Paul AGUILAR,Defender,22,06.03.1986,28,178,27,3,TRUE,6,3,1986
321745,KIM Shinwook,Forward,18,14.04.1988,26,196,27,3,TRUE,14,4,1988
309714,Juan CUADRADO,Midfielder,11,26.05.1988,26,178,27,3,FALSE,26,5,1988
291389,KIM Bokyung,Midfielder,7,06.10.1989,24,178,27,3,FALSE,6,10,1989
274135,Mamadou SAKHO,Defender,5,13.02.1990,24,186,18,2,FALSE,13,2,1990
295153,Ahmad ALNAMEH,Defender,17,20.10.1982,31,189,9,1,TRUE,20,10,1982
268594,Masato MORISHIGE,Defender,6,21.05.1987,27,183,9,1,TRUE,21,5,1987
369990,Rony MARTINEZ,Forward,16,16.10.1987,26,171,9,1,TRUE,16,10,1987
336837,Diego CALVO,Midfielder,20,25.03.1991,23,178,9,1,FALSE,25,3,1991
297112,Georgios SAMARAS,Forward,7,21.02.1985,29,192,73,8,FALSE,21,2,1985
241559,Luka MODRIC,Midfielder,10,09.09.1985,28,173,74,8,FALSE,9,9,1985
228336,Vasileios TOROSIDIS,Defender,15,10.06.1985,29,185,65,7,FALSE,10,6,1985
229502,Alvaro PEREIRA,Midfielder,6,28.11.1985,28,182,56,6,FALSE,28,11,1985
359381,Ivan PERISIC,Midfielder,4,02.02.1989,25,187,28,3,FALSE,2,2,1989
349574,Michael ARROYO,Midfielder,15,23.04.1987,27,178,19,2,FALSE,23,4,1987
198243,Abel AGUILAR,Midfielder,8,06.01.1985,29,187,48,5,FALSE,6,1,1985
290821,Axel WITSEL,Midfielder,6,12.01.1989,25,183,48,5,FALSE,12,1,1989
237949,Andranik TIMOTIAN,Midfielder,14,06.03.1983,31,178,77,8,TRUE,6,3,1983
298582,John BOYE,Defender,21,23.04.1987,27,160,29,3,FALSE,23,4,1987
213170,Masoud SHOJAEI,Forward,7,09.06.1984,30,185,49,5,FALSE,9,6,1984
358011,Mathieu DEBUCHY,Defender,2,28.07.1985,28,178,20,2,FALSE,28,7,1985
318150,Charles ARANGUIZ,Midfielder,20,17.04.1989,25,171,20,2,FALSE,17,4,1989
290605,James TROISI,Midfielder,14,03.07.1988,25,177,10,1,TRUE,3,7,1988
356669,BERNARD,Forward,20,08.09.1992,21,166,10,1,FALSE,8,9,1992
181406,MAICON,Defender,23,26.07.1981,32,186,71,7,FALSE,26,7,1981
227839,Marvin CHAVEZ,Midfielder,10,03.11.1983,30,156,41,4,FALSE,3,11,1983
304934,Roger ESPINOZA,Midfielder,15,25.10.1986,27,180,41,4,FALSE,25,10,1986
239433,Diego LUGANO,Defender,2,02.11.1980,33,188,93,9,FALSE,2,11,1980
300407,Sejad SALIHOVIC,Midfielder,23,08.10.1984,29,182,42,4,FALSE,8,10,1984
298959,RAMIRES,Midfielder,16,24.03.1987,27,181,42,4,FALSE,24,3,1987
230739,Rodrigo PALACIO,Forward,18,05.02.1982,32,175,21,2,FALSE,5,2,1982
209989,Philippe SENDEROS,Defender,4,14.02.1985,29,190,53,5,FALSE,14,2,1985
197514,Mile JEDINAK,Midfielder,15,03.08.1984,29,188,43,4,FALSE,3,8,1984
177855,Xavi HERNANDEZ,Midfielder,8,25.01.1980,34,170,131,12,TRUE,25,1,1980
300402,Senijad IBRICIC,Midfielder,17,26.09.1985,28,185,44,4,FALSE,26,9,1985
290800,Dario VIDOSIC,Midfielder,20,08.04.1987,27,185,22,2,FALSE,8,4,1987
365464,Juan MONTES,Defender,4,26.12.1985,28,196,11,1,TRUE,26,12,1985
311554,Haris SEFEROVIC,Forward,9,22.02.1992,22,187,11,1,FALSE,22,2,1992
358692,Julian DRAXLER,Midfielder,14,20.09.1993,20,185,11,1,TRUE,20,9,1993
184447,Walter AYOVI,Midfielder,10,11.08.1979,34,173,89,8,FALSE,11,8,1979
180936,Yoshito OKUBO,Forward,13,09.06.1982,32,170,56,5,TRUE,9,6,1982
290825,Moussa DEMBELE,Midfielder,19,16.07.1987,26,185,56,5,FALSE,16,7,1987
196900,Sami KHEDIRA,Midfielder,6,04.04.1987,27,189,45,4,FALSE,4,4,1987
268406,KI Sungyueng,Midfielder,16,24.01.1989,25,186,58,5,FALSE,24,1,1989
294620,Andre AYEW,Midfielder,10,17.12.1989,24,175,47,4,FALSE,17,12,1989
177768,Yasuhito ENDO,Midfielder,7,28.01.1980,34,178,143,12,TRUE,28,1,1980
218253,Carlos SALCIDO,Defender,3,02.04.1980,34,176,120,10,TRUE,2,4,1980
209502,Jean BEAUSEJOUR,Midfielder,15,01.06.1984,30,178,60,5,FALSE,1,6,1984
267527,Gary MEDEL,Defender,17,03.08.1987,26,171,60,5,FALSE,3,8,1987
296297,Mario MARTINEZ,Midfielder,23,30.07.1989,24,173,36,3,TRUE,30,7,1989
183882,Hassan YEBDA,Midfielder,7,14.05.1984,30,188,24,2,FALSE,14,5,1984
239424,HERNANES,Midfielder,18,29.05.1985,29,180,24,2,FALSE,29,5,1985
358114,Dries MERTENS,Midfielder,14,06.05.1987,27,164,24,2,FALSE,6,5,1987
318034,Federico FERNANDEZ,Defender,17,21.02.1989,25,190,24,2,FALSE,21,2,1989
312432,Dejan LOVREN,Defender,6,05.07.1989,24,188,24,2,FALSE,5,7,1989
323698,Vincent ABOUBAKAR,Forward,10,22.01.1992,22,176,24,2,FALSE,22,1,1992
261029,Gokhan INLER,Midfielder,8,27.06.1984,29,181,73,6,FALSE,27,6,1984
214887,Konstantinos KATSOURANIS,Midfielder,21,21.06.1979,35,183,110,9,TRUE,21,6,1979
190962,DANI ALVES,Defender,2,06.05.1983,31,175,74,6,FALSE,6,5,1983
271182,Michael BARRANTES,Midfielder,11,04.10.1983,30,177,50,4,FALSE,4,10,1983
299960,Phil JAGIELKA,Defender,6,17.08.1982,31,183,25,2,TRUE,17,8,1982
200847,Adrian RAMOS,Forward,19,22.01.1986,28,184,25,2,FALSE,22,1,1986
281252,Fabian ORELLANA,Forward,14,27.01.1986,28,168,25,2,FALSE,27,1,1986
196605,Stephan LICHTSTEINER,Defender,2,16.01.1984,30,180,63,5,FALSE,16,1,1984
216814,Sergio RAMOS,Defender,15,30.03.1986,28,183,115,9,TRUE,30,3,1986
216874,Nicolas LOMBAERTS,Defender,18,20.03.1985,29,188,26,2,FALSE,20,3,1985
356162,Esseid BELKALEM,Defender,4,01.01.1989,25,190,13,1,FALSE,1,1,1989
168832,Georgios KARAGOUNIS,Midfielder,10,06.03.1977,37,176,134,10,FALSE,6,3,1977
199600,Jean MAKOUN,Midfielder,11,29.05.1983,31,170,67,5,FALSE,29,5,1983
178403,Joseph YOBO,Defender,2,06.09.1980,33,185,96,7,FALSE,6,9,1980
297377,Ognjen VUKOJEVIC,Midfielder,8,20.12.1983,30,184,55,4,FALSE,20,12,1983
278072,Jalal HOSSEINI,Defender,4,03.02.1982,32,185,83,6,TRUE,3,2,1982
202655,Jorge VALDIVIA,Midfielder,10,19.10.1983,30,173,56,4,FALSE,19,10,1983
290904,Jan VERTONGHEN,Defender,5,24.04.1987,27,189,56,4,FALSE,24,4,1987
197411,Mark MILLIGAN,Midfielder,5,04.08.1985,28,178,28,2,TRUE,4,8,1985
213124,Amirhossein SADEGHI,Defender,5,06.09.1981,32,185,14,1,TRUE,6,9,1981
364707,Albert ADOMAH,Midfielder,14,13.12.1987,26,162,14,1,FALSE,13,12,1987
303394,Carlos PENA,Midfielder,21,29.03.1990,24,176,14,1,TRUE,29,3,1990
306424,Tommy OAR,Midfielder,11,10.12.1991,22,170,14,1,FALSE,10,12,1991
269784,FABIO COENTRAO,Defender,5,11.03.1988,26,181,43,3,FALSE,11,3,1988
234463,John Obi MIKEL,Midfielder,10,22.04.1987,27,188,58,4,FALSE,22,4,1987
358013,Yohan CABAYE,Midfielder,6,14.01.1986,28,175,29,2,TRUE,14,1,1986
311150,Mats HUMMELS,Defender,5,16.12.1988,25,192,29,2,TRUE,16,12,1988
305972,Joao ROJAS,Forward,9,14.06.1989,25,173,29,2,FALSE,14,6,1989
216004,Vincent KOMPANY,Defender,4,10.04.1986,28,190,59,4,FALSE,10,4,1986
216973,Gerard PIQUE,Defender,3,02.02.1987,27,192,60,4,TRUE,2,2,1987
215208,Madjid BOUGUERRA,Defender,2,07.10.1982,31,189,61,4,FALSE,7,10,1982
294619,Kwadwo ASAMOAH,Midfielder,20,09.12.1988,25,168,61,4,FALSE,9,12,1988
200219,Fredy GUARIN,Midfielder,13,30.06.1986,27,187,48,3,FALSE,30,6,1986
3408,Mario YEPES,Defender,3,13.01.1976,38,186,97,6,FALSE,13,1,1976
200935,Stephane MBIA,Midfielder,17,20.05.1986,28,190,49,3,FALSE,20,5,1986
230114,Jorge CLAROS,Midfielder,20,08.01.1986,28,176,49,3,TRUE,8,1,1986
215274,Giorgio CHIELLINI,Defender,3,14.08.1984,29,192,67,4,TRUE,14,8,1984
268821,Giancarlo GONZALEZ,Defender,3,08.02.1988,26,192,34,2,FALSE,8,2,1988
295157,Hashem BEIKZADEH,Midfielder,19,22.01.1984,30,180,17,1,TRUE,22,1,1984
349588,Felipe GUTIERREZ,Midfielder,16,08.10.1990,23,175,17,1,FALSE,8,10,1990
330693,Andy NAJAR,Midfielder,17,16.03.1993,21,170,17,1,FALSE,16,3,1993
310048,Enoh EYONG,Midfielder,18,23.03.1986,28,180,35,2,FALSE,23,3,1986
268822,Jose CUBERO,Midfielder,22,14.02.1987,27,178,35,2,TRUE,14,2,1987
178963,Kolo TOURE,Defender,4,19.03.1981,33,183,106,6,FALSE,19,3,1981
297373,Vedran CORLUKA,Defender,5,05.02.1986,28,192,72,4,FALSE,5,2,1986
321641,Leonardo BONUCCI,Defender,19,01.05.1987,27,190,36,2,TRUE,1,5,1987
210212,RICARDO COSTA,Defender,13,16.05.1981,33,183,18,1,FALSE,16,5,1981
245156,Jose ROJAS,Defender,13,23.06.1983,30,174,18,1,TRUE,23,6,1983
299086,Lazaros CHRISTODOULOPOULOS,Midfielder,16,19.12.1986,27,182,18,1,FALSE,19,12,1986
367918,LUIZ GUSTAVO,Midfielder,17,23.07.1987,26,188,18,1,FALSE,23,7,1987
233703,Martin DEMICHELIS,Defender,15,20.12.1980,33,184,37,2,FALSE,20,12,1980
209827,Wilson PALACIOS,Midfielder,8,29.07.1984,29,181,93,5,FALSE,29,7,1984
275931,PEPE,Defender,3,26.02.1983,31,186,57,3,FALSE,26,2,1983
228936,Ignazio ABATE,Defender,7,12.11.1986,27,180,19,1,TRUE,12,11,1986
186787,Sergey IGNASHEVICH,Defender,4,14.07.1979,34,186,97,5,TRUE,14,7,1979
200262,Landry NGUEMO,Midfielder,7,28.11.1985,28,172,39,2,FALSE,28,11,1985
271253,Maya YOSHIDA,Defender,22,24.08.1988,25,189,40,2,FALSE,24,8,1988
251481,Pejman MONTAZERI,Defender,15,06.09.1983,30,186,20,1,FALSE,6,9,1983
233530,Marcelo DIAZ,Midfielder,21,30.12.1986,27,168,20,1,FALSE,30,12,1986
311148,Benedikt HOEWEDES,Defender,4,29.02.1988,26,187,20,1,TRUE,29,2,1988
375754,KIM Younggwon,Defender,5,27.02.1990,24,187,20,1,FALSE,27,2,1990
315429,Ogenyi ONAZI,Midfielder,17,25.12.1992,21,168,20,1,FALSE,25,12,1992
279417,Cristhian NOBOA,Midfielder,6,09.04.1985,29,181,41,2,FALSE,9,4,1985
267647,Uwa ECHIEJILE,Defender,3,20.01.1988,26,185,41,2,FALSE,20,1,1988
196748,Philipp LAHM,Midfielder,16,11.11.1983,30,170,105,5,TRUE,11,11,1983
207946,Souleymane BAMBA,Defender,22,13.01.1985,29,190,42,2,FALSE,13,1,1985
286259,Alvaro GONZALEZ,Midfielder,20,29.10.1984,29,175,42,2,FALSE,29,10,1984
358022,Jose CHOLEVAS,Defender,20,27.06.1984,29,184,21,1,TRUE,27,6,1984
313805,Heiner MORA,Defender,8,20.06.1984,29,179,21,1,TRUE,20,6,1984
233497,Masahiko INOHA,Defender,19,28.08.1985,28,179,21,1,TRUE,28,8,1985
311174,Fabian JOHNSON,Defender,23,11.12.1987,26,182,21,1,FALSE,11,12,1987
356409,Admir MEHMEDI,Forward,18,16.03.1991,23,183,21,1,FALSE,16,3,1991
183893,Jermaine JONES,Midfielder,13,03.11.1981,32,184,43,2,FALSE,3,11,1981
298664,Claudio MARCHISIO,Midfielder,8,19.01.1986,28,179,43,2,TRUE,19,1,1986
290824,Steven DEFOUR,Midfielder,16,15.04.1988,26,173,43,2,FALSE,15,4,1988
229439,Gonzalo JARA,Defender,18,29.08.1985,28,177,65,3,FALSE,29,8,1985
175689,THIAGO MOTTA,Midfielder,5,28.08.1982,31,187,22,1,FALSE,28,8,1982
300237,Dmitry KOMBAROV,Defender,23,22.01.1987,27,182,22,1,TRUE,22,1,1987
358014,Blaise MATUIDI,Midfielder,14,09.04.1987,27,175,22,1,TRUE,9,4,1987
299896,Domagoj VIDA,Defender,21,29.04.1989,25,184,22,1,FALSE,29,4,1989
289964,THIAGO SILVA,Defender,3,22.09.1984,29,182,45,2,FALSE,22,9,1984
291372,Yuto NAGATOMO,Defender,5,12.09.1986,27,170,69,3,FALSE,12,9,1986
228617,Mauricio ISLA,Defender,4,12.06.1988,26,177,46,2,FALSE,12,6,1988
216715,Ron VLAAR,Defender,2,16.02.1985,29,190,23,1,FALSE,16,2,1985
305768,Leighton BAINES,Defender,3,11.12.1984,29,172,23,1,TRUE,11,12,1984
229440,Jose FUENZALIDA,Midfielder,19,22.02.1985,29,170,23,1,TRUE,22,2,1985
339551,Brayan BECKELES,Defender,21,28.11.1985,28,186,23,1,TRUE,28,11,1985
200201,MIGUEL VELOSO,Midfielder,4,11.05.1986,28,181,47,2,FALSE,11,5,1986
216650,Gelson FERNANDES,Midfielder,16,02.09.1986,27,179,47,2,FALSE,2,9,1986
216627,Valon BEHRAMI,Midfielder,11,19.04.1985,29,184,48,2,FALSE,19,4,1985
312679,HONG Jeongho,Defender,20,12.08.1989,24,188,24,1,FALSE,12,8,1989
207888,Per MERTESACKER,Defender,17,29.09.1984,29,198,97,4,FALSE,29,9,1984
216069,Emir SPAHIC,Defender,4,18.08.1980,33,183,74,3,FALSE,18,8,1980
239237,Carl MEDJANI,Defender,12,15.05.1985,29,180,25,1,FALSE,15,5,1985
216006,Anthony VANDEN BORRE,Defender,21,24.10.1987,26,185,25,1,TRUE,24,10,1987
307026,Cristian GAMBOA,Defender,16,24.10.1989,24,175,25,1,FALSE,24,10,1989
347716,Hiroshi KIYOTAKE,Forward,8,12.11.1989,24,172,25,1,FALSE,12,11,1989
306634,Jonathan MENSAH,Defender,19,13.07.1990,23,182,25,1,FALSE,13,7,1990
213878,Victor BERNARDEZ,Defender,5,24.05.1982,32,187,76,3,FALSE,24,5,1982
229499,Diego GODIN,Defender,3,16.02.1986,28,185,76,3,FALSE,16,2,1986
186793,Vasily BEREZUTSKIY,Defender,14,20.06.1982,32,188,77,3,TRUE,20,6,1982
339447,Johnny ACOSTA,Defender,2,21.07.1983,30,175,26,1,TRUE,21,7,1983
321971,Geoff CAMERON,Defender,20,11.07.1985,28,190,26,1,FALSE,11,7,1985
296273,Alejandro BEDOYA,Midfielder,11,29.04.1987,27,178,26,1,FALSE,29,4,1987
183796,Christian BOLANOS,Midfielder,7,17.05.1984,30,178,54,2,FALSE,17,5,1984
296827,Rafik HALLICHE,Defender,5,02.09.1986,27,187,28,1,FALSE,2,9,1986
181930,Jorge GUAGUA,Defender,2,28.09.1981,32,179,58,2,TRUE,28,9,1981
288961,Ehsan HAJI SAFI,Midfielder,3,25.02.1990,24,177,58,2,TRUE,25,2,1990
181698,Aldo RAMIREZ,Midfielder,5,18.04.1981,33,175,29,1,FALSE,18,4,1981
278732,Aurelien CHEDJOU,Defender,14,20.06.1985,28,185,29,1,FALSE,20,6,1985
286481,Maximiliano PEREIRA,Defender,16,08.06.1984,30,173,89,3,FALSE,8,6,1984
356711,Azubuike EGWUEKWE,Defender,6,16.07.1989,24,195,31,1,TRUE,16,7,1989
200199,JOAO MOUTINHO,Midfielder,8,08.09.1986,27,170,66,2,FALSE,8,9,1986
358099,Senad LULIC,Midfielder,16,18.01.1986,28,183,33,1,FALSE,18,1,1986
213879,Maynor FIGUEROA,Defender,3,02.05.1983,31,184,100,3,FALSE,2,5,1983
268474,Atsuto UCHIDA,Defender,2,27.03.1988,26,176,67,2,FALSE,27,3,1988
216646,Blerim DZEMAILI,Midfielder,15,12.04.1986,28,179,34,1,FALSE,12,4,1986
290864,Toby ALDERWEIRELD,Defender,2,02.03.1989,25,186,34,1,FALSE,2,3,1989
356459,Godfrey OBOABONA,Defender,14,16.09.1990,23,183,34,1,FALSE,16,9,1990
216642,Reto ZIEGLER,Defender,3,16.01.1986,28,183,35,1,FALSE,16,1,1986
296303,Juan Carlos GARCIA,Defender,6,08.03.1988,26,175,35,1,FALSE,8,3,1988
175512,Kyle BECKERMAN,Midfielder,15,23.04.1982,32,181,36,1,TRUE,23,4,1982
349578,Frickson ERAZO,Defender,3,05.05.1988,26,189,36,1,FALSE,5,5,1988
273291,Efe AMBROSE,Defender,5,18.10.1988,25,190,36,1,FALSE,18,10,1988
289027,Makoto HASEBE,Midfielder,17,18.01.1984,30,180,78,2,FALSE,18,1,1984
291329,Ismael TIOTE,Midfielder,9,21.06.1986,27,175,42,1,FALSE,21,6,1986
216645,Johan DJOUROU,Defender,20,18.01.1987,27,192,44,1,FALSE,18,1,1987
229436,Carlos CARMONA,Midfielder,6,21.02.1987,27,179,44,1,FALSE,21,2,1987
185359,Diego PEREZ,Midfielder,15,18.05.1980,34,176,89,2,FALSE,18,5,1980
237071,Boniek GARCIA,Midfielder,14,04.09.1984,29,176,90,2,FALSE,4,9,1984
197409,Matt McKAY,Midfielder,17,11.01.1983,31,174,46,1,TRUE,11,1,1983
207924,James MILNER,Midfielder,17,04.01.1986,28,175,46,1,TRUE,4,1,1986
238381,Samuel INKOOM,Defender,2,01.06.1989,25,179,46,1,FALSE,1,6,1989
183798,Roy MILLER,Defender,19,24.11.1984,29,189,47,1,FALSE,24,11,1984
182372,Javier MASCHERANO,Midfielder,14,08.06.1984,30,171,96,2,FALSE,8,6,1984
216880,Thomas VERMAELEN,Defender,3,14.11.1985,28,178,48,1,FALSE,14,11,1985
228351,Alexandros TZIOLIS,Midfielder,6,13.02.1985,29,190,49,1,FALSE,13,2,1985
229443,Juan ZUNIGA,Defender,18,14.12.1985,28,171,49,1,FALSE,14,12,1985
197464,Glen JOHNSON,Defender,2,23.08.1984,29,180,51,1,TRUE,23,8,1984
200213,Pablo ARMERO,Defender,7,02.11.1986,27,174,52,1,FALSE,2,11,1986
238112,Hector MORENO,Defender,15,17.01.1988,26,182,52,1,FALSE,17,1,1988
267829,Martin CACERES,Defender,22,07.04.1987,27,178,56,1,FALSE,7,4,1987
209940,Junior DIAZ,Defender,15,12.09.1983,30,185,61,1,FALSE,12,9,1983
276131,Walter GARGANO,Midfielder,5,23.07.1984,29,168,62,1,FALSE,23,7,1984
230117,Emilio IZAGUIRRE,Midfielder,7,10.05.1986,28,177,65,1,FALSE,10,5,1986
216964,Nigel DE JONG,Midfielder,6,30.11.1984,29,174,70,1,FALSE,30,11,1984
198489,Arthur BOKA,Defender,3,02.04.1983,31,166,77,1,FALSE,2,4,1983
184373,Yasuyuki KONNO,Defender,15,25.01.1983,31,178,80,1,TRUE,25,1,1983
208120,Michael UMANA,Defender,4,16.07.1982,31,180,81,1,TRUE,16,7,1982
209960,Francisco RODRIGUEZ,Defender,2,20.10.1981,32,191,92,1,TRUE,20,10,1981
176971,Didier ZOKORA,Defender,5,14.12.1980,33,183,119,1,FALSE,14,12,1980
94918,Faryd MONDRAGON,Goalkeeper,22,21.06.1971,43,191,50,0,TRUE,21,6,1971
178185,Noel VALLADARES,Goalkeeper,18,03.05.1977,37,178,120,0,TRUE,3,5,1977
159304,Gianluigi BUFFON,Goalkeeper,1,28.01.1978,36,190,139,0,TRUE,28,1,1978
179048,Stipe PLETIKOSA,Goalkeeper,1,08.01.1979,35,193,110,0,FALSE,8,1,1979
178420,Tim HOWARD,Goalkeeper,1,06.03.1979,35,187,98,0,FALSE,6,3,1979
182021,Mickael LANDREAU,Goalkeeper,23,14.05.1979,35,184,11,0,TRUE,14,5,1979
184982,Nick RIMANDO,Goalkeeper,22,17.06.1979,35,182,14,0,TRUE,17,6,1979
178958,Boubacar BARRY,Goalkeeper,1,30.12.1979,34,180,76,0,FALSE,30,12,1979
179038,JULIO CESAR,Goalkeeper,12,03.09.1979,34,179,79,0,FALSE,3,9,1979
367333,Sergey RYZHIKOV,Goalkeeper,16,19.09.1980,33,192,1,0,TRUE,19,9,1980
358097,Asmir AVDUKIC,Goalkeeper,22,13.05.1981,33,190,3,0,TRUE,13,5,1981
195223,Roman WEIDENFELLER,Goalkeeper,22,06.08.1980,33,188,2,0,TRUE,6,8,1980
209168,Eugene GALEKOVIC,Goalkeeper,18,12.06.1981,33,186,8,0,TRUE,12,6,1981
214377,Andrea BARZAGLI,Defender,15,08.05.1981,33,186,47,0,TRUE,8,5,1981
176644,Iker CASILLAS,Goalkeeper,1,20.05.1981,33,185,153,0,TRUE,20,5,1981
215484,Loukas VYNTRA,Defender,11,05.02.1981,33,184,49,0,FALSE,5,2,1981
178630,Johnny HERRERA,Goalkeeper,23,09.05.1981,33,183,7,0,TRUE,9,5,1981
298516,Rahman AHMADI,Goalkeeper,1,30.07.1980,33,182,11,0,TRUE,30,7,1980
356612,Hugo CAMPAGNARO,Defender,3,27.06.1980,33,181,13,0,FALSE,27,6,1980
213871,Donis ESCOBER,Goalkeeper,22,03.02.1981,33,180,20,0,TRUE,3,2,1981
195231,Jose CORONA,Goalkeeper,1,26.01.1981,33,178,32,0,TRUE,26,1,1981
212246,Patrice EVRA,Defender,3,15.05.1981,33,171,57,0,FALSE,15,5,1981
215471,Vangelis MORAS,Defender,5,26.08.1981,32,193,18,0,FALSE,26,8,1981
274703,Agustin ORION,Goalkeeper,12,26.07.1981,32,190,3,0,TRUE,26,7,1981
214404,BETO,Goalkeeper,22,01.05.1982,32,183,7,0,FALSE,1,5,1982
181951,Brad DAVIS,Midfielder,14,08.11.1981,32,180,16,0,TRUE,8,11,1981
214874,Patrick PEMBERTON,Goalkeeper,18,24.04.1982,32,178,20,0,TRUE,24,4,1982
207809,MAXWELL,Defender,14,27.08.1981,32,177,8,0,FALSE,27,8,1981
210702,Danijel PRANJIC,Defender,3,02.12.1981,32,172,49,0,FALSE,2,12,1981
286238,Egidio AREVALO,Midfielder,17,01.01.1982,32,168,54,0,FALSE,1,1,1982
309426,VICTOR,Goalkeeper,22,21.01.1983,31,195,6,0,TRUE,21,1,1983
253999,Ben FOSTER,Goalkeeper,13,03.04.1983,31,193,6,0,TRUE,3,4,1983
184320,JEFFERSON,Goalkeeper,1,02.01.1983,31,190,9,0,TRUE,2,1,1983
175546,Alfredo TALAVERA,Goalkeeper,12,18.09.1982,31,188,14,0,TRUE,18,9,1982
175413,Pepe REINA,Goalkeeper,23,31.08.1982,31,187,32,0,FALSE,31,8,1982
299066,EDUARDO,Goalkeeper,1,19.09.1982,31,187,33,0,TRUE,19,9,1982
175629,Martin SILVA,Goalkeeper,23,25.03.1983,31,187,4,0,FALSE,25,3,1983
216990,Charles ITANDJE,Goalkeeper,16,02.11.1982,31,185,9,0,FALSE,2,11,1982
202650,Claudio BRAVO,Goalkeeper,1,13.04.1983,31,185,79,0,FALSE,13,4,1983
198117,Eiji KAWASHIMA,Goalkeeper,1,20.03.1983,31,185,56,0,FALSE,20,3,1983
189300,Vincent ENYEAMA,Goalkeeper,1,29.08.1982,31,185,90,0,FALSE,29,8,1982
196620,Steve VON BERGEN,Defender,5,10.06.1983,31,183,41,0,TRUE,10,6,1983
254141,Bacary SAGNA,Defender,15,14.02.1983,31,175,40,0,FALSE,14,2,1983
275793,Oscar BAGUI,Defender,18,10.12.1982,31,170,21,0,TRUE,10,12,1982
196633,Diego BENAGLIO,Goalkeeper,1,08.09.1983,30,195,57,0,FALSE,8,9,1983
306144,Mariano ANDUJAR,Goalkeeper,21,30.07.1983,30,194,10,0,FALSE,30,7,1983
349832,Jose Maria BASANTA,Defender,23,03.04.1984,30,188,8,0,FALSE,3,4,1984
184856,Austine EJIDE,Goalkeeper,16,08.04.1984,30,186,31,0,FALSE,8,4,1984
299904,Mensur MUJDZA,Midfielder,13,28.03.1984,30,184,24,0,FALSE,28,3,1984
254089,Michel VORM,Goalkeeper,22,20.10.1983,30,183,14,0,FALSE,20,10,1983
354873,Mehdi MOSTEFA,Midfielder,22,30.08.1983,30,182,22,0,FALSE,30,8,1983
216432,Yury ZHIRKOV,Forward,18,20.08.1983,30,180,60,0,TRUE,20,8,1983
306180,Benoit ASSOU EKOTTO,Defender,2,24.03.1984,30,178,21,0,FALSE,24,3,1984
329737,Ghasem HADADIFAR,Midfielder,11,12.07.1983,30,178,16,0,TRUE,12,7,1983
254091,Paul VERHAEGH,Defender,12,01.09.1983,30,178,2,0,FALSE,1,9,1983
358893,Andrey ESHCHENKO,Defender,22,09.02.1984,30,177,11,0,TRUE,9,2,1984
216438,Igor DENISOV,Midfielder,7,17.05.1984,30,176,43,0,TRUE,17,5,1984
317072,Henri BEDIMO,Defender,12,04.06.1984,30,176,30,0,FALSE,4,6,1984
321682,Medhi LACEN,Midfielder,8,15.03.1984,30,175,29,0,FALSE,15,3,1984
202280,Luis SARITAMA,Midfielder,19,20.10.1983,30,175,48,0,TRUE,20,10,1983
306206,Khosro HEYDARI,Forward,2,14.09.1983,30,175,47,0,TRUE,14,9,1983
214571,Rio MAVUBA,Midfielder,12,08.03.1984,30,172,11,0,TRUE,8,3,1984
214407,JOAO PEREIRA,Defender,21,25.02.1984,30,172,35,0,FALSE,25,2,1984
276139,Brad GUZAN,Goalkeeper,12,09.09.1984,29,193,25,0,FALSE,9,9,1984
357990,Gordon SCHILDENFELD,Defender,13,18.03.1985,29,191,21,0,FALSE,18,3,1985
299887,Danijel SUBASIC,Goalkeeper,23,27.10.1984,29,191,6,0,FALSE,27,10,1984
198546,JUNG Sungryong,Goalkeeper,1,04.01.1985,29,190,60,0,TRUE,4,1,1985
297230,Osman CHAVEZ,Defender,2,29.07.1984,29,187,54,0,FALSE,29,7,1984
182479,Chigozie AGBIM,Goalkeeper,21,28.11.1984,29,187,14,0,TRUE,28,11,1984
305708,Mohamed ZEMMAMOUCHE,Goalkeeper,16,19.03.1985,29,187,7,0,TRUE,19,3,1985
378836,Marco PAROLO,Midfielder,18,25.01.1985,29,186,3,0,TRUE,25,1,1985
182620,Alex WILKINSON,Defender,22,13.08.1984,29,183,2,0,FALSE,13,8,1984
229450,Gabriel ACHILIER,Defender,21,24.03.1985,29,183,22,0,TRUE,24,3,1985
356166,Cedric SI MOHAMMED,Goalkeeper,1,09.01.1985,29,182,1,0,TRUE,9,1,1985
298676,HA Daesung,Midfielder,8,02.03.1985,29,182,13,0,FALSE,2,3,1985
299064,RUBEN AMORIM,Midfielder,20,27.01.1985,29,180,11,0,TRUE,27,1,1985
376071,Fatawu DAUDA,Goalkeeper,16,06.04.1985,29,180,17,0,FALSE,6,4,1985
323339,Djamel MESBAH,Defender,6,09.10.1984,29,179,26,0,FALSE,9,10,1984
367555,Die SEREY,Midfielder,20,07.11.1984,29,179,6,0,FALSE,7,11,1984
276132,Jorge FUCILE,Defender,4,19.11.1984,29,177,41,0,FALSE,19,11,1984
182379,Pablo ZABALETA,Defender,4,16.01.1985,29,174,36,0,FALSE,16,1,1985
228912,Manuel NEUER,Goalkeeper,1,27.03.1986,28,193,45,0,TRUE,27,3,1986
229498,Fernando MUSLERA,Goalkeeper,1,16.06.1986,28,190,57,0,FALSE,16,6,1986
228328,Orestis KARNEZIS,Goalkeeper,1,11.07.1985,28,189,18,0,FALSE,11,7,1985
302630,Maximo BANGUERA,Goalkeeper,1,16.12.1985,28,187,24,0,TRUE,16,12,1985
233333,Gabriel PALETTA,Defender,20,15.02.1986,28,187,2,0,TRUE,15,2,1986
216820,Raul ALBIOL,Defender,2,04.09.1985,28,187,46,0,FALSE,4,9,1985
323326,Rais MBOLHI,Goalkeeper,23,25.04.1986,28,186,27,0,FALSE,25,4,1986
215017,Igor AKINFEEV,Goalkeeper,1,08.04.1986,28,185,68,0,TRUE,8,4,1986
358012,Laurent KOSCIELNY,Defender,21,10.09.1985,28,185,17,0,FALSE,10,9,1985
215285,Guillermo OCHOA,Goalkeeper,13,13.07.1985,28,185,56,0,FALSE,13,7,1985
214581,Shusaku NISHIKAWA,Goalkeeper,12,18.06.1986,28,183,12,0,TRUE,18,6,1986
301165,Oscar GRANADOS,Midfielder,13,25.10.1985,28,183,11,0,TRUE,25,10,1985
200259,Dany NOUNKEU,Defender,5,11.04.1986,28,183,15,0,FALSE,11,4,1986
280487,Carlos SANCHEZ,Midfielder,6,06.02.1986,28,182,43,0,FALSE,6,2,1986
359997,Avdija VRSAJEVIC,Midfielder,2,06.03.1986,28,182,13,0,FALSE,6,3,1986
199160,Daniel CAMBRONERO,Goalkeeper,23,08.01.1986,28,181,2,0,TRUE,8,1,1986
290822,Laurent CIMAN,Defender,23,05.08.1985,28,180,8,0,TRUE,5,8,1985
278126,KIM Changsoo,Defender,2,12.09.1985,28,179,8,0,FALSE,12,9,1985
349582,Francisco SILVA,Midfielder,5,11.02.1986,28,178,11,0,FALSE,11,2,1986
201001,Fernando GAGO,Midfielder,5,10.04.1986,28,178,47,0,TRUE,10,4,1986
200133,Lucas BIGLIA,Midfielder,6,30.01.1986,28,175,17,0,FALSE,30,1,1986
268911,Toshihiro AOYAMA,Midfielder,14,22.02.1986,28,174,5,0,TRUE,22,2,1986
200205,VIEIRINHA,Forward,10,24.01.1986,28,170,7,0,FALSE,24,1,1986
303419,Alexander DOMINGUEZ,Goalkeeper,22,05.06.1987,27,196,18,0,TRUE,5,6,1987
266783,Sergio ROMERO,Goalkeeper,1,22.02.1987,27,192,45,0,FALSE,22,2,1987
299956,Joe HART,Goalkeeper,1,19.04.1987,27,191,40,0,TRUE,19,4,1987
360111,Panagiotis GLYKOS,Goalkeeper,12,10.10.1986,27,190,2,0,TRUE,10,10,1986
298655,Salvatore SIRIGU,Goalkeeper,12,12.01.1987,27,190,8,0,FALSE,12,1,1987
271043,DAVID LUIZ,Defender,4,22.04.1987,27,189,35,0,FALSE,22,4,1987
359448,Stephane RUFFIER,Goalkeeper,16,27.09.1986,27,188,2,0,TRUE,27,9,1986
297105,Hugo LLORIS,Goalkeeper,1,26.12.1986,27,188,56,0,FALSE,26,12,1986
200209,Cristian ZAPATA,Defender,2,30.09.1986,27,187,23,0,FALSE,30,9,1986
200130,Ezequiel GARAY,Defender,2,10.10.1986,27,186,18,0,FALSE,10,10,1986
291332,Ousmane DIARRASSOUBA,Defender,2,21.12.1986,27,186,1,0,FALSE,21,12,1986
298613,HENRIQUE,Defender,15,14.10.1986,27,186,5,0,FALSE,14,10,1986
369983,Aleksei KOZLOV,Defender,2,25.12.1986,27,185,10,0,TRUE,25,12,1986
358046,Vladimir GRANAT,Defender,13,22.05.1987,27,184,4,0,TRUE,22,5,1987
199175,Keylor NAVAS,Goalkeeper,1,15.12.1986,27,184,52,0,FALSE,15,12,1986
367433,Matt BESLER,Defender,5,11.02.1987,27,182,16,0,TRUE,11,2,1987
329745,Hossein MAHINI,Defender,13,16.09.1986,27,182,21,0,TRUE,16,9,1986
363578,LEE Yong,Defender,12,24.12.1986,27,180,11,0,TRUE,24,12,1986
267344,Mehrdad POOLADI,Defender,23,26.02.1987,27,180,19,0,TRUE,26,2,1987
298662,Antonio CANDREVA,Midfielder,6,28.02.1987,27,180,19,0,TRUE,28,2,1987
296312,Edder DELGADO,Midfielder,12,20.11.1986,27,179,26,0,TRUE,20,11,1986
321731,Ioannis MANIATIS,Midfielder,2,12.10.1986,27,178,29,0,TRUE,12,10,1986
359375,SAMMIR,Midfielder,19,23.04.1987,27,178,5,0,FALSE,23,4,1987
379889,Steven BEITASHOUR,Defender,20,01.02.1987,27,178,6,0,FALSE,1,2,1987
240718,Constant DJAKPA,Defender,18,17.10.1986,27,177,4,0,FALSE,17,10,1986
268411,PARK Jooho,Defender,22,16.01.1987,27,174,13,0,FALSE,16,1,1987
294626,Harrison AFFUL,Defender,23,24.07.1986,27,168,40,0,FALSE,24,7,1986
362881,Fraser FORSTER,Goalkeeper,22,17.03.1988,26,201,1,0,FALSE,17,3,1988
230121,Asmir BEGOVIC,Goalkeeper,1,20.06.1987,26,198,30,0,FALSE,20,6,1987
346763,Alireza HAGHIGHI,Goalkeeper,12,02.05.1988,26,193,4,0,FALSE,2,5,1988
298738,Simon MIGNOLET,Goalkeeper,12,06.03.1988,26,193,14,0,FALSE,6,3,1988
379888,Daniel DAVARI,Goalkeeper,22,06.01.1988,26,193,4,0,FALSE,6,1,1988
232760,Tim KRUL,Goalkeeper,23,03.04.1988,26,193,5,0,FALSE,3,4,1988
353237,Adam KWARASEY,Goalkeeper,12,12.12.1987,26,190,21,0,FALSE,12,12,1987
359436,EDER,Forward,11,22.12.1987,26,190,7,0,TRUE,22,12,1987
269768,RUI PATRICIO,Goalkeeper,12,15.02.1988,26,189,29,0,TRUE,15,2,1988
349631,Ricardo ALVAREZ,Midfielder,19,12.04.1988,26,188,5,0,FALSE,12,4,1988
354883,Liassine CADAMURO,Defender,17,05.03.1988,26,187,6,0,FALSE,5,3,1988
299090,Sokratis PAPASTATHOPOULOS,Defender,19,09.06.1988,26,186,47,0,FALSE,9,6,1988
359428,LUIS NETO,Defender,14,26.05.1988,26,186,7,0,FALSE,26,5,1988
360109,Panagiotis KONE,Midfielder,8,26.07.1987,26,184,15,0,FALSE,26,7,1987
319298,Georgios TZAVELAS,Defender,3,26.11.1987,26,183,13,0,TRUE,26,11,1987
200261,Alexandre SONG,Midfielder,6,09.09.1987,26,183,46,0,FALSE,9,9,1987
228624,Cristopher TOSELLI,Goalkeeper,12,15.06.1988,26,181,4,0,TRUE,15,6,1988
370062,Ivan FRANJIC,Defender,2,10.09.1987,26,180,8,0,TRUE,10,9,1987
349576,Juan PAREDES,Defender,4,08.07.1987,26,179,37,0,TRUE,8,7,1987
361222,Adam LALLANA,Midfielder,20,10.05.1988,26,179,4,0,TRUE,10,5,1988
228942,Alessio CERCI,Forward,11,23.07.1987,26,177,11,0,TRUE,23,7,1987
298677,Jonathan DE GUZMAN,Midfielder,8,13.09.1987,26,174,10,0,FALSE,13,9,1987
355023,Allan NYOM,Defender,22,10.05.1988,26,170,9,0,FALSE,10,5,1988
379264,Jose VAZQUEZ,Midfielder,23,14.03.1988,26,164,4,0,TRUE,14,3,1988
234405,Omar GONZALEZ,Defender,3,11.10.1988,25,195,19,0,TRUE,11,10,1988
299442,Jerome BOATENG,Defender,20,03.09.1988,25,192,38,0,TRUE,3,9,1988
359993,Toni SUNJIC,Defender,15,15.12.1988,25,192,7,0,FALSE,15,12,1988
379985,Andrey SEMENOV,Defender,5,24.03.1989,25,191,1,0,TRUE,24,3,1989
356933,Mitch LANGERAK,Goalkeeper,12,22.08.1988,25,191,3,0,FALSE,22,8,1988
353379,Reza HAGHIGHI,Midfielder,8,01.02.1989,25,190,7,0,TRUE,1,2,1989
362649,Andreas SAMARIS,Midfielder,22,13.06.1989,25,190,4,0,TRUE,13,6,1989
270714,Javi MARTINEZ,Midfielder,4,02.09.1988,25,190,16,0,FALSE,2,9,1988
367558,Sylvain GBOHOUO,Goalkeeper,16,29.10.1988,25,190,2,0,TRUE,29,10,1988
303034,Sergio BUSQUETS,Midfielder,16,16.07.1988,25,189,65,0,TRUE,16,7,1988
229051,Matthew SPIRANOVIC,Defender,6,27.06.1988,25,188,17,0,TRUE,27,6,1988
349568,Adrian BONE,Goalkeeper,12,08.09.1988,25,188,3,0,TRUE,8,9,1988
367920,Diego COSTA,Forward,19,07.10.1988,25,188,3,0,TRUE,7,10,1988
321734,Shuichi GONDA,Goalkeeper,23,03.03.1989,25,187,2,0,TRUE,3,3,1989
302381,Ron-Robert ZIELER,Goalkeeper,12,12.02.1989,25,187,3,0,TRUE,12,2,1989
358738,Jasper CILLESSEN,Goalkeeper,1,22.04.1989,25,187,7,0,TRUE,22,4,1989
358694,Kevin GROSSKREUTZ,Defender,2,19.07.1988,25,186,4,0,TRUE,19,7,1988
312987,Oscar DUARTE,Defender,6,03.06.1989,25,184,10,0,FALSE,3,6,1989
228686,David OSPINA,Goalkeeper,1,31.08.1988,25,183,43,0,FALSE,31,8,1988
319460,Yann SOMMER,Goalkeeper,12,17.12.1988,25,183,6,0,TRUE,17,12,1988
295149,James HOLLAND,Midfielder,16,15.05.1989,25,180,13,0,FALSE,15,5,1989
291398,PARK Jongwoo,Midfielder,15,10.03.1989,25,180,10,0,FALSE,10,3,1989
332293,Giovanni SIO,Forward,21,31.03.1989,25,180,7,0,FALSE,31,3,1989
228691,Alexander MEJIA,Midfielder,15,11.07.1988,25,179,8,0,TRUE,11,7,1988
358881,Alexey IONOV,Forward,21,18.02.1989,25,178,5,0,TRUE,18,2,1989
350129,Miguel PONCE,Defender,16,12.04.1989,25,175,7,0,TRUE,12,4,1989
312234,Oliver BOZANIC,Midfielder,13,08.01.1989,25,167,3,0,FALSE,8,1,1989
356748,Chris SMALLING,Defender,12,22.11.1989,24,194,11,0,TRUE,22,11,1989
318688,Marcos ROJO,Defender,16,20.03.1990,24,189,20,0,FALSE,20,3,1990
311850,Mohammed RABIU,Midfielder,17,31.12.1989,24,189,16,0,FALSE,31,12,1989
319436,Leroy FER,Midfielder,18,05.01.1990,24,188,5,0,FALSE,5,1,1990
317056,Moussa SISSOKO,Midfielder,18,16.08.1989,24,187,16,0,FALSE,16,8,1989
356189,Jordan HENDERSON,Midfielder,14,17.06.1990,24,187,9,0,TRUE,17,6,1990
319428,Daryl JANMAAT,Defender,7,22.07.1989,24,186,15,0,TRUE,22,7,1989
367343,Yury LODYGIN,Goalkeeper,12,26.05.1990,24,186,2,0,TRUE,26,5,1990
359995,Ognjen VRANJES,Defender,6,24.10.1989,24,186,13,0,FALSE,24,10,1989
365556,Timmy CHANDLER,Defender,21,29.03.1990,24,186,12,0,FALSE,29,3,1990
306410,Ryan McGOWAN,Defender,19,15.08.1989,24,185,9,0,FALSE,15,8,1989
290931,Nicolas NKOULOU,Defender,3,27.03.1990,24,185,47,0,FALSE,27,3,1990
350003,Hiroki SAKAI,Defender,21,12.04.1990,24,185,17,0,FALSE,12,4,1990
306780,Ciro IMMOBILE,Forward,17,20.02.1990,24,184,2,0,TRUE,20,2,1990
374529,Anel HADZIC,Midfielder,21,16.08.1989,24,184,2,0,FALSE,16,8,1989
274329,HAN Kookyoung,Midfielder,14,19.04.1990,24,183,9,0,FALSE,19,4,1990
274283,YUN Sukyoung,Defender,3,13.02.1990,24,182,3,0,FALSE,13,2,1990
356518,HWANG Seokho,Defender,6,27.06.1989,24,182,3,0,FALSE,27,6,1989
288824,Matteo DARMIAN,Defender,4,02.12.1989,24,182,1,0,TRUE,2,12,1989
329092,Hector HERRERA,Midfielder,6,19.04.1990,24,180,12,0,FALSE,19,4,1990
319432,Daley BLIND,Defender,5,09.03.1990,24,180,11,0,TRUE,9,3,1990
370438,Sammy NDJOCK,Goalkeeper,23,25.02.1990,24,178,2,0,FALSE,25,2,1990
270948,Cesar AZPILICUETA,Midfielder,22,28.08.1989,24,178,6,0,FALSE,28,8,1989
323574,Stephen ADAMS,Goalkeeper,1,28.09.1989,24,177,6,0,TRUE,28,9,1989
365747,Edin VISCA,Forward,19,17.02.1990,24,172,10,0,FALSE,17,2,1990
366309,Yacine BRAHIMI,Midfielder,11,08.02.1990,24,171,5,0,FALSE,8,2,1990
350124,Javier AQUINO,Midfielder,20,11.02.1990,24,166,21,0,FALSE,11,2,1990
305382,Sebastian COATES,Defender,19,07.10.1990,23,196,14,0,TRUE,7,10,1990
319413,Panagiotis TACHTSIDIS,Midfielder,23,15.02.1991,23,194,5,0,FALSE,15,2,1991
380069,Christoph KRAMER,Midfielder,23,19.02.1991,23,189,2,0,TRUE,19,2,1991
319340,Eliaquim MANGALA,Defender,13,13.02.1991,23,188,3,0,FALSE,13,2,1991
274281,KIM Seunggyu,Goalkeeper,21,30.09.1990,23,187,5,0,TRUE,30,9,1990
368009,Ebenezer ODUNLAMI,Defender,12,30.04.1991,23,187,11,0,TRUE,30,4,1991
336434,Clement GRENIER,Midfielder,22,07.01.1991,23,186,5,0,TRUE,7,1,1991
323556,Konstantinos MANOLAS,Defender,4,14.06.1991,23,186,8,0,TRUE,14,6,1991
370523,Mathis BOLLY,Midfielder,6,14.11.1990,23,185,3,0,FALSE,14,11,1990
375453,ANDRE ALMEIDA,Defender,19,10.09.1990,23,185,3,0,TRUE,10,9,1990
356710,Ruben GABRIEL,Midfielder,4,25.09.1990,23,184,10,0,FALSE,25,9,1990
364088,Faouzi GHOULAM,Defender,3,01.02.1991,23,184,5,0,FALSE,1,2,1991
356712,Juwon OSHANIWA,Defender,13,14.09.1990,23,184,9,0,FALSE,14,9,1990
312116,Gaston RAMIREZ,Midfielder,18,02.12.1990,23,183,28,0,FALSE,2,12,1990
358869,Georgy SHCHENNIKOV,Defender,3,27.04.1991,23,179,3,0,TRUE,27,4,1991
379942,Riyad MAHREZ,Forward,21,21.02.1991,23,179,1,0,FALSE,21,2,1991
321736,Gotoku SAKAI,Defender,3,14.03.1991,23,176,12,0,FALSE,14,3,1991
379974,Waylon FRANCIS,Defender,12,20.09.1990,23,175,1,0,FALSE,20,9,1990
356466,Hotaru YAMAGUCHI,Midfielder,16,06.10.1990,23,173,11,0,TRUE,6,10,1990
371042,Isaac BRIZUELA,Midfielder,17,28.08.1990,23,173,7,0,TRUE,28,8,1990
269071,Daniel OPARE,Defender,4,18.10.1990,23,172,16,0,FALSE,18,10,1990
336869,Alex IBARRA,Midfielder,5,20.01.1991,23,171,17,0,FALSE,20,1,1991
270400,Luis GARRIDO,Midfielder,19,05.11.1990,23,170,19,0,TRUE,5,11,1990
358106,Thibaut COURTOIS,Goalkeeper,1,11.05.1992,22,198,16,0,FALSE,11,5,1992
320375,Joel MATIP,Midfielder,21,08.08.1991,22,194,22,0,FALSE,8,8,1991
313021,Stefan DE VRIJ,Defender,3,05.02.1992,22,190,11,0,TRUE,5,2,1992
379808,Tino Sven SUSIC,Midfielder,14,13.02.1992,22,186,2,0,FALSE,13,2,1992
376349,WILLIAM,Midfielder,6,07.04.1992,22,185,3,0,TRUE,7,4,1992
358009,Phil JONES,Defender,16,21.02.1992,22,185,9,0,TRUE,21,2,1992
376285,Aissa MANDI,Defender,20,22.10.1991,22,184,2,0,FALSE,22,10,1991
358885,Maksim KANUNNIKOV,Forward,6,14.07.1991,22,184,2,0,TRUE,14,7,1991
336485,Sime VRSALJKO,Defender,2,10.01.1992,22,183,6,0,FALSE,10,1,1992
379952,Erik DURM,Defender,15,12.05.1992,22,183,1,0,TRUE,12,5,1992
313051,Joel VELTMAN,Defender,13,15.01.1992,22,183,2,0,TRUE,15,1,1992
339117,Maty RYAN,Goalkeeper,1,08.04.1992,22,181,6,0,FALSE,8,4,1992
379164,Ben HALLORAN,Forward,10,14.06.1992,22,180,1,0,FALSE,14,6,1992
306364,Jason DAVIDSON,Defender,3,29.06.1991,22,179,6,0,FALSE,29,6,1991
346731,Bakhtiar RAHMANI,Midfielder,18,23.09.1991,22,179,3,0,TRUE,23,9,1991
307541,Yeltsin TEJEDA,Midfielder,17,17.03.1992,22,179,22,0,TRUE,17,3,1992
355859,Loic FEUDJOU,Goalkeeper,1,14.04.1992,22,178,1,0,TRUE,14,4,1992
313410,KOKE,Midfielder,17,08.01.1992,22,178,7,0,TRUE,8,1,1992
330565,Jack WILSHERE,Midfielder,7,01.01.1992,22,172,16,0,TRUE,1,1,1992
315614,Santiago ARIAS,Defender,4,13.01.1992,22,171,5,0,FALSE,13,1,1992
358732,Jordy CLASIE,Midfielder,16,27.06.1991,22,169,8,0,TRUE,27,6,1991
380004,Sayouba MANDE,Goalkeeper,23,15.06.1993,21,193,1,0,FALSE,15,6,1993
373555,John BROOKS,Defender,6,28.01.1993,21,193,4,0,FALSE,28,1,1993
359440,Raphael VARANE,Defender,4,25.04.1993,21,191,5,0,FALSE,25,4,1993
308082,Diego REYES,Defender,5,19.09.1992,21,189,14,0,FALSE,19,9,1992
369546,Eder BALANTA,Defender,16,28.02.1993,21,181,2,0,FALSE,28,2,1993
313559,Ricardo RODRIGUEZ,Defender,13,25.08.1992,21,180,21,0,FALSE,25,8,1992
376360,Ismael DIOMANDE,Midfielder,14,28.08.1992,21,180,1,0,FALSE,28,8,1992
367557,Jean Daniel AKPA,Defender,7,11.10.1992,21,180,1,0,FALSE,11,10,1992
359223,Mattia DE SCIGLIO,Defender,2,20.10.1992,21,179,10,0,TRUE,20,10,1992
358101,Muhamed BESIC,Midfielder,7,10.09.1992,21,177,9,0,FALSE,10,9,1992
370522,Serge AURIER,Defender,17,24.12.1992,21,176,7,0,FALSE,24,12,1992
339116,Massimo LUONGO,Midfielder,21,25.09.1992,21,176,1,0,FALSE,25,9,1992
380060,Cedric DJEUGOUE,Defender,4,28.08.1992,21,175,3,0,TRUE,28,8,1992
368708,RAFA,Forward,15,17.05.1993,21,173,2,0,TRUE,17,5,1993
315436,Ramon AZEEZ,Midfielder,15,12.12.1992,21,170,1,0,FALSE,12,12,1992
356704,Juan QUINTERO,Midfielder,20,18.01.1993,21,168,4,0,FALSE,18,1,1993
312014,Michael BABATUNDE,Forward,18,24.12.1992,21,165,4,0,FALSE,24,12,1992
336791,Edgar SALLI,Midfielder,20,17.08.1992,21,163,8,0,FALSE,17,8,1992
370469,Rashid SUMAILA,Defender,15,18.12.1992,21,160,8,0,FALSE,18,12,1992
362645,Stefanos KAPINO,Goalkeeper,13,18.03.1994,20,196,2,0,TRUE,18,3,1994
379736,Matthias GINTER,Defender,3,19.01.1994,20,187,2,0,TRUE,19,1,1994
369392,Ross BARKLEY,Midfielder,21,05.12.1993,20,185,4,0,TRUE,5,12,1993
315424,Kenneth OMERUO,Defender,22,17.10.1993,20,185,17,0,FALSE,17,10,1993
376230,Sead KOLASINAC,Defender,5,20.06.1993,20,183,4,0,FALSE,20,6,1993
336085,Terence KONGOLO,Defender,14,14.02.1994,20,183,1,0,TRUE,14,2,1994
339987,Mateo KOVACIC,Midfielder,20,06.05.1994,20,181,9,0,FALSE,6,5,1994
368860,Lucas DIGNE,Defender,17,20.07.1993,20,179,2,0,TRUE,20,7,1993
336098,Memphis DEPAY,Forward,21,13.02.1994,20,178,6,0,TRUE,13,2,1994
368973,DeAndre YEDLIN,Defender,2,09.07.1993,20,175,4,0,TRUE,9,7,1993
379939,Nabil BENTALEB,Midfielder,14,24.11.1994,19,189,2,0,FALSE,24,11,1994
379911,Divock ORIGI,Forward,17,18.04.1995,19,185,1,0,FALSE,18,4,1995
368655,Jose GIMENEZ,Defender,13,20.01.1995,19,184,5,0,FALSE,20,1,1995
369094,Julian GREEN,Midfielder,16,06.06.1995,19,172,2,0,FALSE,6,6,1995
332827,Carlos GRUEZO,Midfielder,23,19.04.1995,19,171,2,0,FALSE,19,4,1995
336043,Raheem STERLING,Midfielder,19,08.12.1994,19,170,3,0,TRUE,8,12,1994
336450,Luke SHAW,Defender,23,12.07.1995,18,184,1,0,TRUE,12,7,1995
319482,Rodrigo MUNOZ,Goalkeeper,12,22.01.1982,32,185,0,0,FALSE,22,1,1982
367415,Jasmin FEJZIC,Goalkeeper,12,15.05.1986,28,198,0,0,FALSE,15,5,1986
380663,Sammy BOSSUT,Goalkeeper,13,11.08.1985,28,187,0,0,TRUE,11,8,1985
306818,LEE Bumyoung,Goalkeeper,23,02.04.1989,25,199,0,0,TRUE,2,4,1989
360642,Camilo VARGAS,Goalkeeper,12,09.03.1989,25,185,0,0,TRUE,9,3,1989
269859,David DE GEA,Goalkeeper,12,07.11.1990,23,190,0,0,FALSE,7,11,1990
356676,Roman BUERKI,Goalkeeper,21,14.11.1990,23,188,0,0,TRUE,14,11,1990
369026,Oliver ZELENIKA,Goalkeeper,12,14.05.1993,21,192,0,0,TRUE,14,5,1993
309420,Mattia PERIN,Goalkeeper,13,10.11.1992,21,188,0,0,TRUE,10,11,1992
379165,Bailey WRIGHT,Defender,8,28.07.1992,21,184,0,0,FALSE,28,7,1992
369050,Ivan MOCINIC,Midfielder,15,30.04.1993,21,180,0,0,TRUE,30,4,1993
380000,Marcelo BROZOVIC,Midfielder,14,16.11.1992,21,180,0,0,TRUE,16,11,1992
380009,Luis LOPEZ,Goalkeeper,1,13.09.1993,20,182,0,0,TRUE,13,9,1993
379910,Adnan JANUZAJ,Midfielder,20,05.02.1995,19,180,0,0,FALSE,5,2,1995
